City_ID,City,Country,Date,Lat,Lng,Max Temp,Humidity,Cloudiness,Wind Speed
0,Saint George,US,2022-07-29 09:47:18,37.1041,-113.5841,78.64,62,0,3.44
1,Rikitea,PF,2022-07-29 09:47:18,-23.1203,-134.9692,73.18,74,17,21.23
2,Saint-Leu,RE,2022-07-29 09:47:19,-21.15,55.2833,76.68,74,20,3.71
3,Barrow,US,2022-07-29 09:47:19,71.2906,-156.7887,33.55,94,100,9.19
4,Castro,BR,2022-07-29 09:47:20,-24.7911,-50.0119,56.64,90,79,8.63
5,Puerto Ayora,EC,2022-07-29 09:46:43,-0.7393,-90.3518,68.56,99,99,4.0
6,Albany,US,2022-07-29 09:44:04,42.6001,-73.9662,68.41,94,76,3.85
7,Fenoarivo,MG,2022-07-29 09:47:20,-18.933,47.4354,66.27,63,75,9.22
8,Okhotsk,RU,2022-07-29 09:47:21,59.3833,143.3,61.05,90,57,13.38
9,Talnakh,RU,2022-07-29 09:47:22,69.4865,88.3972,76.21,46,0,10.71
10,Sioux Lookout,CA,2022-07-29 09:47:22,50.1001,-91.917,57.27,88,100,8.05
11,Vaini,TO,2022-07-29 09:47:22,-21.2,-175.2,73.56,94,40,8.05
12,Petropavlovsk-Kamchatskiy,RU,2022-07-29 09:47:23,53.0452,158.6483,61.39,77,75,6.71
13,Meulaboh,ID,2022-07-29 09:47:23,4.1363,96.1285,77.95,85,99,0.69
14,Dire,ML,2022-07-29 09:47:24,12.2833,-10.9667,79.2,81,100,4.14
15,Provideniya,RU,2022-07-29 09:47:24,64.3833,-173.3,48.09,83,98,4.09
16,Ushuaia,AR,2022-07-29 09:43:48,-54.8,-68.3,37.06,87,100,11.5
17,Cape Town,ZA,2022-07-29 09:44:34,-33.9258,18.4232,57.9,85,75,16.11
18,Calabozo,VE,2022-07-29 09:47:25,8.9242,-67.4293,70.99,98,100,3.29
19,Hermanus,ZA,2022-07-29 09:47:25,-34.4187,19.2345,57.79,78,90,23.58
20,Arbazh,RU,2022-07-29 09:47:25,57.6804,48.3065,77.56,47,17,9.01
21,Punta Arenas,CL,2022-07-29 09:47:26,-53.15,-70.9167,39.31,81,20,31.07
22,Tirumullaivasal,IN,2022-07-29 09:47:26,11.2333,79.8333,88.07,61,98,11.5
23,Dikson,RU,2022-07-29 09:47:27,73.5069,80.5464,42.39,98,98,13.22
24,Arraial Do Cabo,BR,2022-07-29 09:47:27,-22.9661,-42.0278,67.86,83,0,6.91
25,Nanortalik,GL,2022-07-29 09:47:27,60.1432,-45.2371,45.5,81,92,11.74
26,Avarua,CK,2022-07-29 09:43:12,-21.2078,-159.775,75.25,83,75,14.97
27,Puerto Madryn,AR,2022-07-29 09:45:51,-42.7692,-65.0385,46.15,56,7,10.2
28,Bilibino,RU,2022-07-29 09:47:28,68.0546,166.4372,47.43,73,98,4.09
29,Porto Novo,BJ,2022-07-29 09:47:28,6.4965,2.6036,78.62,68,100,11.52
30,Tiznit,MA,2022-07-29 09:47:29,29.5833,-9.5,90.18,26,0,0.87
31,Progreso,MX,2022-07-29 09:47:29,21.2833,-89.6667,77.11,93,90,7.81
32,Cuamba,MZ,2022-07-29 09:47:30,-14.8031,36.5372,78.31,32,1,6.46
33,Namibe,AO,2022-07-29 09:47:30,-15.1961,12.1522,69.37,60,12,8.21
34,Spearfish,US,2022-07-29 09:46:09,44.4908,-103.8594,62.85,54,0,3.44
35,Atuona,PF,2022-07-29 09:47:30,-9.8,-139.0333,77.02,77,20,24.36
36,Esperance,AU,2022-07-29 09:47:31,-33.8667,121.9,61.92,80,99,19.66
37,Haines Junction,CA,2022-07-29 09:47:31,60.7522,-137.5108,40.95,93,91,1.14
38,Sortavala,RU,2022-07-29 09:47:32,61.7053,30.6918,65.26,68,24,8.61
39,Luderitz,NA,2022-07-29 09:47:32,-26.6481,15.1594,59.41,57,71,2.13
40,Khatanga,RU,2022-07-29 09:47:32,71.9667,102.5,72.0,40,0,11.77
41,Port Alfred,ZA,2022-07-29 09:47:33,-33.5906,26.891,66.18,71,0,7.0
42,Quatre Cocos,MU,2022-07-29 09:47:33,-20.2078,57.7625,75.31,63,3,15.19
43,Balsas,BR,2022-07-29 09:47:33,-7.5325,-46.0356,71.73,44,35,2.98
44,Russell,US,2022-07-29 09:45:10,32.3502,-85.1999,74.8,94,67,3.85
45,Kuruman,ZA,2022-07-29 09:47:34,-27.4524,23.4325,64.99,25,94,23.44
46,Carnarvon,AU,2022-07-29 09:47:34,-24.8667,113.6333,67.59,82,100,6.6
47,Upernavik,GL,2022-07-29 09:48:35,72.7868,-56.1549,43.29,66,100,5.32
48,San Patricio,US,2022-07-29 09:48:35,28.017,-97.5169,84.88,82,11,7.74
49,Marawi,PH,2022-07-29 09:48:36,7.9986,124.2928,72.41,91,100,1.23
50,Saint-Philippe,RE,2022-07-29 09:48:36,-21.3585,55.7679,77.22,75,46,13.13
51,Teguldet,RU,2022-07-29 09:48:37,57.3064,88.1667,75.47,59,68,5.48
52,Jalu,LY,2022-07-29 09:48:37,29.0331,21.5482,97.57,20,2,7.58
53,Kruisfontein,ZA,2022-07-29 09:48:38,-34.0033,24.7314,66.76,34,0,8.14
54,Baglan,AF,2022-07-29 09:48:38,36.1307,68.7083,106.0,12,0,10.8
55,Bredasdorp,ZA,2022-07-29 09:48:38,-34.5322,20.0403,53.28,85,84,17.92
56,North Bend,US,2022-07-29 09:48:39,43.4065,-124.2243,60.93,99,100,5.75
57,Beringovskiy,RU,2022-07-29 09:48:39,63.05,179.3167,45.9,86,100,6.6
58,Clermont,FR,2022-07-29 09:48:40,49.5,2.4167,78.71,31,73,3.62
59,Cabo San Lucas,MX,2022-07-29 09:47:47,22.8909,-109.9124,80.62,60,71,4.0
60,Lishui,CN,2022-07-29 09:48:40,28.4604,119.9103,90.12,56,4,1.79
61,Motygino,RU,2022-07-29 09:48:41,58.1831,94.7592,62.89,95,100,7.94
62,Kodiak,US,2022-07-29 09:48:41,57.79,-152.4072,47.71,81,0,6.91
63,Kutum,SD,2022-07-29 09:48:42,14.2,24.6667,81.0,50,84,3.53
64,Cayenne,GF,2022-07-29 09:48:42,4.9333,-52.3333,75.09,1,0,2.3
65,Toamasina,MG,2022-07-29 09:44:55,-18.1667,49.3833,71.6,83,75,5.75
66,Thompson,CA,2022-07-29 09:46:40,55.7435,-97.8558,51.96,82,40,2.3
67,Hirara,JP,2022-07-29 09:48:43,24.8,125.2833,86.27,79,40,10.36
68,Torbay,CA,2022-07-29 09:48:43,47.6666,-52.7314,55.58,92,100,6.91
69,Qaanaaq,GL,2022-07-29 09:48:44,77.484,-69.3632,36.95,67,99,5.68
70,Whitehorse,CA,2022-07-29 09:48:44,60.7161,-135.0538,56.17,79,75,5.75
71,Saint-Francois,FR,2022-07-29 09:48:44,46.4154,3.9054,71.04,60,0,3.44
72,Mataura,NZ,2022-07-29 09:48:45,-46.1927,168.8643,36.64,97,23,3.04
73,Polovinnoye,RU,2022-07-29 09:48:45,54.7914,65.9864,63.25,83,100,12.17
74,Brae,GB,2022-07-29 09:48:46,60.3964,-1.353,59.38,80,15,17.43
75,Mehamn,NO,2022-07-29 09:48:46,71.0357,27.8492,55.35,58,75,6.91
76,Dingle,PH,2022-07-29 09:48:46,10.9995,122.6711,80.46,86,100,9.04
77,Lucapa,AO,2022-07-29 09:48:47,-8.4192,20.7447,85.62,17,51,7.78
78,Alofi,NU,2022-07-29 09:48:47,-19.0595,-169.9187,75.09,94,23,13.8
79,Jamestown,US,2022-07-29 09:48:48,42.097,-79.2353,64.04,66,0,5.75
80,Tura,IN,2022-07-29 09:48:48,25.5198,90.2201,83.32,81,76,3.96
81,Hobart,AU,2022-07-29 09:45:57,-42.8794,147.3294,41.05,82,20,3.44
82,Talbahat,IN,2022-07-29 09:48:48,25.05,78.4333,89.24,58,99,7.54
83,Busselton,AU,2022-07-29 09:48:49,-33.65,115.3333,55.36,58,100,27.04
84,Ponta Do Sol,PT,2022-07-29 09:48:49,32.6667,-17.1,78.01,77,6,2.98
85,Bluff,NZ,2022-07-29 09:48:50,-46.6,168.3333,45.77,69,23,14.54
86,Mar Del Plata,AR,2022-07-29 09:48:50,-38.0023,-57.5575,42.87,91,0,10.0
87,Kaitangata,NZ,2022-07-29 09:48:51,-46.2817,169.8464,39.76,89,32,7.9
88,Tabou,CI,2022-07-29 09:48:51,4.423,-7.3528,77.09,64,100,4.45
89,Lasa,IT,2022-07-29 09:48:52,46.6166,10.7002,70.36,61,73,4.21
90,Lensk,RU,2022-07-29 09:48:52,60.7253,114.9278,63.68,99,100,2.71
91,Vestmannaeyjar,IS,2022-07-29 09:48:52,63.4427,-20.2734,50.99,81,40,8.05
92,Guerrero Negro,MX,2022-07-29 09:48:53,27.9769,-114.0611,67.73,83,98,8.79
93,Katangli,RU,2022-07-29 09:48:53,51.7102,143.2326,56.46,96,97,9.4
94,Severo-Kurilsk,RU,2022-07-29 09:48:54,50.6789,156.125,53.35,97,87,9.57
95,Kavieng,PG,2022-07-29 09:49:54,-2.5744,150.7967,82.15,74,100,17.31
96,Hithadhoo,MV,2022-07-29 09:49:55,-0.6,73.0833,81.95,74,100,17.0
97,Schruns,AT,2022-07-29 09:49:55,47.0709,9.9475,73.31,61,89,4.23
98,Valavanur,IN,2022-07-29 09:49:55,11.9209,79.5824,89.69,47,100,9.19
99,Dijkot,PK,2022-07-29 09:49:56,31.2167,72.9833,89.78,63,100,12.03
100,Butaritari,KI,2022-07-29 09:49:57,3.0707,172.7902,82.02,74,3,13.82
101,Imbituba,BR,2022-07-29 09:49:57,-28.24,-48.6703,56.08,84,96,5.01
102,Bambous Virieux,MU,2022-07-29 09:49:58,-20.3428,57.7575,75.45,60,40,12.66
103,Gat,IL,2022-07-29 09:46:00,31.61,34.7642,97.39,34,3,14.41
104,Hilo,US,2022-07-29 09:49:58,19.7297,-155.09,77.29,92,100,3.44
105,Harboore,DK,2022-07-29 09:49:59,56.6175,8.1807,61.36,65,96,3.04
106,Prescott,US,2022-07-29 09:49:26,34.54,-112.4685,65.97,93,100,0.0
107,Waipawa,NZ,2022-07-29 09:49:59,-41.4122,175.5153,50.32,79,17,20.4
108,Karaton,ID,2022-07-29 09:50:00,-6.3424,106.1045,81.45,75,99,2.19
109,Villanueva De La Serena,ES,2022-07-29 09:50:00,38.9766,-5.7974,86.9,30,0,3.89
110,Bafra,TR,2022-07-29 09:50:01,41.5678,35.9069,86.31,43,0,11.36
111,Tuatapere,NZ,2022-07-29 09:50:01,-46.1333,167.6833,37.67,90,39,4.88
112,College,US,2022-07-29 09:50:02,64.8569,-147.8028,48.58,84,20,3.44
113,Mahajanga,MG,2022-07-29 09:50:02,-15.7167,46.3167,89.62,35,20,9.22
114,Iquique,CL,2022-07-29 09:50:03,-20.2208,-70.1431,57.24,79,50,1.77
115,Turayf,SA,2022-07-29 09:50:04,31.6725,38.6637,104.25,11,0,6.91
116,Clyde River,CA,2022-07-29 09:50:04,70.4692,-68.5914,37.63,100,100,11.5
117,Sanchazi,CN,2022-07-29 09:50:05,42.0817,126.6003,74.08,93,21,4.07
118,Bayir,TR,2022-07-29 09:50:05,37.2687,28.2167,86.52,17,0,7.29
119,Bengkulu,ID,2022-07-29 09:50:05,-3.8004,102.2655,78.96,79,97,11.12
120,Victoria,HK,2022-07-29 09:47:16,22.2855,114.1577,91.45,80,82,5.99
121,Casale Monferrato,IT,2022-07-29 09:46:24,45.1334,8.4571,84.42,63,64,2.71
122,Semenivka,UA,2022-07-29 09:50:07,52.1783,32.5818,74.48,48,5,7.7
123,Ugoofaaru,MV,2022-07-29 09:50:07,5.6667,73.0,80.64,80,100,17.09
124,Kazachinskoye,RU,2022-07-29 09:50:08,57.6953,93.2761,64.04,94,100,8.95
125,Port Hardy,CA,2022-07-29 09:45:10,50.6996,-127.4199,55.58,94,0,2.3
126,Nemuro,JP,2022-07-29 09:50:09,43.3236,145.575,62.64,92,86,6.51
127,Kysyl-Syr,RU,2022-07-29 09:50:09,63.8986,122.7617,84.45,54,45,4.63
128,Presidente Epitacio,BR,2022-07-29 09:50:10,-21.7633,-52.1156,68.92,41,47,7.18
129,Tuktoyaktuk,CA,2022-07-29 09:50:10,69.4541,-133.0374,38.46,96,100,15.17
130,Moose Factory,CA,2022-07-29 09:50:11,51.2585,-80.6094,53.6,100,100,3.44
131,Las Palmas,ES,2022-07-29 09:50:11,28.4204,-14.0131,74.19,73,75,19.57
132,Chokurdakh,RU,2022-07-29 09:50:12,70.6333,147.9167,62.85,38,97,14.52
133,Oranjestad,AW,2022-07-29 09:50:13,12.524,-70.027,78.75,94,20,10.36
134,Nantucket,US,2022-07-29 09:50:13,41.2835,-70.0995,77.05,98,100,6.91
135,Soyo,AO,2022-07-29 09:50:14,-6.1349,12.3689,75.9,67,78,4.45
136,Maragogi,BR,2022-07-29 09:47:33,-9.0122,-35.2225,73.49,90,65,4.59
137,Pisco,PE,2022-07-29 09:50:15,-13.7,-76.2167,60.85,82,100,5.75
138,Kapaa,US,2022-07-29 09:50:15,22.0752,-159.319,79.12,87,40,14.97
139,Airai,TL,2022-07-29 09:51:16,-8.9266,125.4092,58.17,87,79,3.04
140,Rafraf,TN,2022-07-29 09:51:16,37.1904,10.1837,89.91,58,0,8.41
141,Mongu,ZM,2022-07-29 09:51:17,-15.2484,23.1274,81.28,19,8,4.56
142,Ancud,CL,2022-07-29 09:51:17,-41.8697,-73.8203,45.46,75,100,4.27
143,Yellowknife,CA,2022-07-29 09:46:58,62.456,-114.3525,50.56,81,20,4.61
144,Mount Gambier,AU,2022-07-29 09:51:18,-37.8333,140.7667,41.56,88,44,4.25
145,Shenjiamen,CN,2022-07-29 09:51:18,29.9576,122.298,82.54,87,100,8.57
146,Saskylakh,RU,2022-07-29 09:51:18,71.9167,114.0833,64.96,66,100,2.89
147,Mayumba,GA,2022-07-29 09:51:20,-3.432,10.6554,76.42,69,67,6.67
148,Mitchell,US,2022-07-29 09:51:20,43.7094,-98.0298,54.1,91,0,1.01
149,Saint Anthony,US,2022-07-29 09:51:21,45.0205,-93.218,60.84,86,0,6.91
150,Kontagora,NG,2022-07-29 09:51:21,10.3999,5.4695,77.9,77,98,5.68
151,Srednekolymsk,RU,2022-07-29 09:51:21,67.45,153.6833,62.69,40,5,7.52
152,Lagoa,PT,2022-07-29 09:51:22,39.05,-27.9833,71.13,75,0,0.69
153,Port Elizabeth,ZA,2022-07-29 09:51:22,-33.918,25.5701,67.32,59,0,16.11
154,Dicabisagan,PH,2022-07-29 09:51:23,17.0818,122.4157,83.5,80,61,1.61
155,Boyuibe,BO,2022-07-29 09:51:23,-20.4167,-63.2833,55.92,47,100,9.64
156,Tabuk,PH,2022-07-29 09:51:24,17.4189,121.4443,79.74,88,100,4.99
157,East London,ZA,2022-07-29 09:51:24,-33.0153,27.9116,76.14,41,0,17.27
158,Tigre,AR,2022-07-29 09:51:25,-34.426,-58.5796,46.4,86,0,4.61
159,Kloulklubed,PW,2022-07-29 09:51:25,7.0419,134.2556,83.66,74,100,11.25
160,Aketi,CD,2022-07-29 09:51:25,2.7388,23.7833,70.57,99,100,1.39
161,Torres,BR,2022-07-29 09:51:26,-29.3353,-49.7269,48.83,75,31,14.9
162,Tiksi,RU,2022-07-29 09:51:26,71.6872,128.8694,46.44,85,100,2.89
163,Magalia,US,2022-07-29 09:51:27,39.8121,-121.5783,69.55,31,2,4.12
164,Robe,AU,2022-07-29 09:51:27,-37.1833,139.75,47.59,70,7,10.25
165,Sao Joao Da Barra,BR,2022-07-29 09:51:28,-21.6403,-41.0511,66.29,64,36,11.88
166,Georgetown,MY,2022-07-29 09:48:32,5.4112,100.3354,89.55,66,20,11.99
167,Tigil,RU,2022-07-29 09:51:29,57.8,158.6667,48.9,79,100,9.06
168,Fortuna,US,2022-07-29 09:51:29,40.5982,-124.1573,58.93,92,100,3.44
169,Mezen,RU,2022-07-29 09:51:29,65.8522,44.24,61.18,86,100,11.48
170,Ornskoldsvik,SE,2022-07-29 09:51:30,63.2909,18.7153,63.55,59,75,5.75
171,Kassala,SD,2022-07-29 09:51:30,15.451,36.4,83.17,56,100,12.12
172,Coquimbo,CL,2022-07-29 09:51:31,-29.9533,-71.3436,49.73,100,75,1.14
173,Fairbanks,US,2022-07-29 09:50:42,64.8378,-147.7164,48.6,85,0,3.44
174,Port Blair,IN,2022-07-29 09:51:31,11.6667,92.75,78.84,89,40,1.14
175,Kungurtug,RU,2022-07-29 09:51:32,50.5994,97.5228,73.08,26,63,6.24
176,Hovd,MN,2022-07-29 09:51:32,48.0056,91.6419,80.83,21,71,3.15
177,Nome,US,2022-07-29 09:51:33,64.5011,-165.4064,55.47,67,0,12.66
178,Hearst,CA,2022-07-29 09:51:33,49.6835,-83.6665,55.65,99,100,9.44
179,Kalangala,UG,2022-07-29 09:51:34,-0.3089,32.225,79.95,60,89,6.53
180,Pangnirtung,CA,2022-07-29 09:51:34,66.1451,-65.7125,48.52,91,100,4.5
181,Yanam,IN,2022-07-29 09:51:34,16.7333,82.2167,88.09,64,84,7.56
182,Owando,CG,2022-07-29 09:51:35,-0.4819,15.8999,87.62,44,85,4.97
183,Flin Flon,CA,2022-07-29 09:51:35,54.7682,-101.865,59.45,72,47,9.75
184,Ginda,IN,2022-07-29 09:51:36,30.6945,78.4932,68.31,90,100,2.19
185,Codrington,AU,2022-07-29 09:51:36,-38.2667,141.9667,41.36,85,49,7.38
186,Aracuai,BR,2022-07-29 09:52:37,-16.8497,-42.0703,61.66,69,0,0.69
187,Safford,US,2022-07-29 09:52:37,32.834,-109.7076,74.12,72,98,2.26
188,Caseiu,RO,2022-07-29 09:52:37,47.1833,23.8667,81.43,32,95,4.27
189,Vvedenskoye,RU,2022-07-29 09:52:38,55.4753,65.0847,71.65,57,88,11.88
190,Chuy,UY,2022-07-29 09:52:38,-33.6971,-53.4616,49.17,89,100,14.88
191,Vardo,NO,2022-07-29 09:52:39,70.3705,31.1107,51.78,71,75,5.75
192,Mitsamiouli,KM,2022-07-29 09:52:39,-11.3847,43.2844,84.49,65,40,14.97
193,Maturin,VE,2022-07-29 09:52:40,9.75,-63.1767,71.1,98,67,3.31
194,Kitob,UZ,2022-07-29 09:52:40,39.0843,66.8332,101.34,10,0,16.06
195,Lugus,PH,2022-07-29 09:52:40,5.7036,120.8203,83.64,72,100,5.37
196,Matagami,CA,2022-07-29 09:52:41,49.7502,-77.6328,55.51,94,100,4.61
197,Cape Coast,GH,2022-07-29 09:52:41,5.1053,-1.2466,77.59,70,92,12.12
198,Gouyave,GD,2022-07-29 09:52:42,12.1646,-61.7296,77.77,78,20,10.36
199,Laguna,US,2022-07-29 09:52:42,38.421,-121.4238,71.17,81,0,11.5
200,Vizinga,RU,2022-07-29 09:52:42,61.0749,50.1031,81.12,36,58,7.16
201,Tautira,PF,2022-07-29 09:52:43,-17.7333,-149.15,77.74,71,30,24.32
202,Mandera,KE,2022-07-29 09:52:43,3.9366,41.867,92.66,26,37,17.49
203,Bethel,US,2022-07-29 09:52:43,41.3712,-73.414,73.27,94,0,5.75
204,Avenel,US,2022-07-29 09:52:44,40.5804,-74.2851,76.14,88,0,4.61
205,Lompoc,US,2022-07-29 09:48:00,34.6391,-120.4579,59.92,92,100,5.75
206,Jizan,SA,2022-07-29 09:52:45,17.3333,42.6667,97.74,40,20,12.41
207,Tongzi,CN,2022-07-29 09:52:45,28.7829,105.0877,91.71,59,14,7.25
208,Yinchuan,CN,2022-07-29 09:52:45,38.4681,106.2731,96.85,14,59,12.26
209,Almaty,KZ,2022-07-29 09:52:17,43.25,76.95,87.71,25,75,6.71
210,Hami,CN,2022-07-29 09:52:46,42.8,93.45,98.24,13,100,18.34
211,Kununurra,AU,2022-07-29 09:52:46,-15.7667,128.7333,71.58,53,65,0.0
212,Vila Velha,BR,2022-07-29 09:52:47,-20.3297,-40.2925,69.94,83,0,4.61
213,Pangody,RU,2022-07-29 09:52:47,65.85,74.4859,79.81,38,57,12.59
214,Banepa,NP,2022-07-29 09:52:48,27.6298,85.5214,73.33,80,91,3.06
215,Katsuura,JP,2022-07-29 09:52:48,35.1333,140.3,80.92,87,0,14.72
216,Utete,TZ,2022-07-29 09:52:49,-7.986,38.758,87.22,38,72,6.91
217,Damghan,IR,2022-07-29 09:52:49,36.1683,54.348,92.05,32,54,3.65
218,Corowa,AU,2022-07-29 09:52:49,-36.0333,146.3833,40.41,84,1,4.5
219,Oranjemund,NA,2022-07-29 09:52:50,-28.55,16.4333,60.69,54,11,4.65
220,Catemaco,MX,2022-07-29 09:52:50,18.4167,-95.1167,70.74,92,93,1.61
221,Bundaberg,AU,2022-07-29 09:52:51,-24.85,152.35,56.21,88,48,6.55
222,Hualmay,PE,2022-07-29 09:52:51,-11.0964,-77.6139,60.12,82,83,3.04
223,Abashiri,JP,2022-07-29 09:52:51,44.0213,144.2697,68.29,88,75,4.61
224,Caceres,ES,2022-07-29 09:52:52,39.522,-6.3748,86.7,31,0,3.27
225,Kingston,JM,2022-07-29 09:50:35,17.997,-76.7936,79.75,79,20,5.75
226,Vanimo,PG,2022-07-29 09:52:52,-2.6741,141.3028,78.78,88,66,7.36
227,Bogorodskoye,RU,2022-07-29 09:52:53,56.55,37.8833,71.51,44,53,9.01
228,Wattegama,LK,2022-07-29 09:52:53,6.7989,81.4808,88.02,56,100,5.79
229,Suoyarvi,RU,2022-07-29 09:53:54,62.0833,32.35,68.88,60,23,4.14
230,Aksarka,RU,2022-07-29 09:53:54,66.5606,67.7975,82.51,33,22,9.08
231,Kudahuvadhoo,MV,2022-07-29 09:53:54,2.6708,72.8944,81.68,75,94,13.22
232,Uige,AO,2022-07-29 09:53:55,-7.6087,15.0613,68.02,77,75,4.61
233,Phan Thiet,VN,2022-07-29 09:53:55,10.9333,108.1,88.43,63,87,14.65
234,Nikolskoye,RU,2022-07-29 09:53:55,59.7035,30.7861,67.87,81,100,7.16
235,Bahia Blanca,AR,2022-07-29 09:50:09,-38.7196,-62.2724,43.81,63,0,8.32
236,New Norfolk,AU,2022-07-29 09:53:56,-42.7826,147.0587,40.71,80,34,1.01
237,Shetpe,KZ,2022-07-29 09:53:56,44.1667,52.1167,85.24,37,0,7.16
238,Nueva Loja,EC,2022-07-29 09:53:57,0.0847,-76.8828,65.82,99,86,1.36
239,Kislyakovskaya,RU,2022-07-29 09:53:57,46.4417,39.675,92.98,28,26,4.92
240,Raudeberg,NO,2022-07-29 09:53:58,61.9875,5.1352,63.95,82,93,10.71
241,Antalaha,MG,2022-07-29 09:53:59,-14.9003,50.2788,77.67,61,57,12.95
242,Maningrida,AU,2022-07-29 09:54:00,-12.0667,134.2667,75.92,72,44,12.15
243,Lalmohan,BD,2022-07-29 09:54:00,22.3384,90.7419,88.36,67,29,12.46
244,Eyl,SO,2022-07-29 09:54:01,7.9803,49.8164,91.62,42,10,24.32
245,Faanui,PF,2022-07-29 09:54:01,-16.4833,-151.75,78.89,74,7,23.55
246,Egra,CZ,2022-07-29 09:54:02,50.0796,12.3739,76.77,59,99,3.33
247,Magadan,RU,2022-07-29 09:54:02,59.5667,150.8,56.53,86,20,8.9
248,Ilam,NP,2022-07-29 09:54:03,26.9167,87.9167,77.58,81,88,2.44
249,Port Elgin,CA,2022-07-29 09:54:03,46.0487,-64.0868,66.42,78,100,4.76
250,Lodja,CD,2022-07-29 09:54:04,-3.4833,23.4333,94.08,33,99,3.09
251,Constitucion,CL,2022-07-29 09:54:04,-35.3333,-72.4167,45.12,83,1,7.47
252,Linxia,CN,2022-07-29 09:54:04,35.6003,103.2064,84.11,30,0,8.55
253,Amahai,ID,2022-07-29 09:54:05,-3.3333,128.9167,77.16,91,95,8.34
254,Grafton,US,2022-07-29 09:54:05,42.207,-71.6856,70.47,94,75,1.01
255,Klaksvik,FO,2022-07-29 09:54:06,62.2266,-6.589,56.32,88,95,20.89
256,Mariestad,SE,2022-07-29 09:54:06,58.7097,13.8237,74.37,51,3,5.88
257,Amapa,BR,2022-07-29 09:54:07,1.0,-52.0,69.35,99,22,0.83
258,Lebu,CL,2022-07-29 09:54:07,-37.6167,-73.65,47.23,85,2,20.51
259,Cascais,PT,2022-07-29 09:54:08,38.6979,-9.4215,77.47,69,20,31.0
260,Hervey Bay,AU,2022-07-29 09:54:08,-25.2986,152.8535,61.61,65,64,5.12
261,Yulara,AU,2022-07-29 09:54:09,-25.2406,130.9889,60.21,20,55,10.58
262,Gamba,GA,2022-07-29 09:54:09,-2.65,10.0,78.51,63,59,5.95
263,Riachao Das Neves,BR,2022-07-29 09:54:09,-11.7461,-44.91,64.44,61,36,0.94
264,Saint-Pierre,RE,2022-07-29 09:54:10,-21.3393,55.4781,77.29,62,0,21.85
265,Mareeba,AU,2022-07-29 09:54:10,-17.0,145.4333,63.32,95,3,3.2
266,Kabare,CD,2022-07-29 09:54:11,-2.4683,28.8242,74.91,51,95,5.73
267,Yanggu,CN,2022-07-29 09:54:11,36.1106,115.7753,83.48,74,93,4.54
268,Pevek,RU,2022-07-29 09:54:12,69.7008,170.3133,43.47,69,66,5.28
269,San Policarpo,PH,2022-07-29 09:54:12,12.1791,125.5072,81.75,81,100,4.0
270,Cidreira,BR,2022-07-29 09:55:13,-30.1811,-50.2056,49.51,83,38,18.77
271,Maceio,BR,2022-07-29 09:53:49,-9.6658,-35.7353,74.64,94,75,4.61
272,Iqaluit,CA,2022-07-29 09:55:13,63.7506,-68.5145,53.33,71,75,4.61
273,Ixtapa,MX,2022-07-29 09:55:14,20.7,-105.2,79.23,83,99,3.04
274,Tottori,JP,2022-07-29 09:54:27,35.5,134.2333,87.87,66,20,9.22
275,Nouakchott,MR,2022-07-29 09:55:14,18.0858,-15.9785,82.33,74,99,16.8
276,Almaznyy,RU,2022-07-29 09:55:14,48.0448,40.045,90.16,30,1,8.46
277,Manyana,BW,2022-07-29 09:55:15,-23.4,21.7167,73.31,20,9,15.57
278,Sinnamary,GF,2022-07-29 09:55:15,5.3833,-52.95,75.45,90,63,6.2
279,Guder,ET,2022-07-29 09:55:16,8.9667,37.7667,63.86,84,100,2.59
280,Nioro,GM,2022-07-29 09:55:16,13.35,-15.75,82.67,70,90,12.68
281,West Wendover,US,2022-07-29 09:52:24,40.7391,-114.0733,81.61,26,0,8.05
282,Ndele,CF,2022-07-29 09:55:16,8.4109,20.6473,70.52,97,100,4.83
283,Gorontalo,ID,2022-07-29 09:55:17,0.5412,123.0595,75.61,94,98,5.17
284,Sakakah,SA,2022-07-29 09:55:17,29.9697,40.2064,110.77,6,5,12.68
285,Narsaq,GL,2022-07-29 09:55:18,60.9167,-46.05,48.96,46,92,2.55
286,Longyearbyen,SJ,2022-07-29 09:55:18,78.2186,15.6401,46.24,76,75,5.75
287,Leshukonskoye,RU,2022-07-29 09:55:18,64.8989,45.7622,78.6,64,56,4.61
288,General Roca,AR,2022-07-29 09:54:42,-39.0333,-67.5833,44.62,61,0,10.29
289,Cururupu,BR,2022-07-29 09:55:19,-1.8283,-44.8683,74.41,96,10,3.2
290,Eydhafushi,MV,2022-07-29 09:55:19,5.1033,73.0708,81.79,77,100,17.29
291,Sao Caetano De Odivelas,BR,2022-07-29 09:55:20,-0.75,-48.02,74.66,93,77,4.18
292,Am Timan,TD,2022-07-29 09:55:20,11.0297,20.2827,75.2,83,99,2.8
293,Harper,LR,2022-07-29 09:55:20,4.375,-7.7169,77.09,64,100,4.41
294,Zyryanka,RU,2022-07-29 09:55:21,65.75,150.85,63.03,40,13,4.68
295,Zhezkazgan,KZ,2022-07-29 09:55:21,47.8043,67.7144,78.78,31,40,15.66
296,Chicama,PE,2022-07-29 09:55:22,-7.8447,-79.1469,57.74,90,55,4.25
297,Sitka,US,2022-07-29 09:55:22,57.0531,-135.33,57.09,94,100,4.61
298,Honningsvag,NO,2022-07-29 09:55:22,70.9821,25.9704,55.15,58,99,9.22
299,Pacific Grove,US,2022-07-29 09:55:23,36.6177,-121.9166,58.51,92,70,4.0
300,Mountain Home,US,2022-07-29 09:51:49,43.133,-115.6912,72.88,43,0,0.0
301,Tasiilaq,GL,2022-07-29 09:55:23,65.6145,-37.6368,37.49,86,92,2.17
302,Kelapa Sawit,MY,2022-07-29 09:55:24,1.6698,103.5327,84.02,86,20,8.05
303,Bandarbeyla,SO,2022-07-29 09:55:24,9.4942,50.8122,89.06,49,61,26.82
304,Yumen,CN,2022-07-29 09:55:24,40.2833,97.2,94.21,9,56,7.9
305,Ruteng,ID,2022-07-29 09:55:25,-8.6136,120.4721,61.77,87,93,1.79
306,Nuuk,GL,2022-07-29 09:55:25,64.1835,-51.7216,41.88,93,100,15.99
307,Trairi,BR,2022-07-29 09:54:23,-3.2778,-39.2689,75.74,87,94,8.32
308,Alamosa,US,2022-07-29 09:55:26,37.4695,-105.87,55.38,100,100,4.61
309,San Pedro,PH,2022-07-29 09:55:26,14.35,121.0167,85.32,80,75,11.5
310,Half Moon Bay,US,2022-07-29 09:55:26,37.4636,-122.4286,63.05,89,100,8.05
311,Dongsheng,CN,2022-07-29 09:55:27,39.8161,109.9776,84.69,24,50,22.55
312,Huangmei,CN,2022-07-29 09:55:27,30.1924,116.025,88.65,73,47,2.39
313,Westport,US,2022-07-29 09:55:28,41.1415,-73.3579,75.74,91,85,5.01
314,Marsaxlokk,MT,2022-07-29 09:55:28,35.8419,14.5431,92.01,52,20,5.75
315,Norman Wells,CA,2022-07-29 09:55:28,65.282,-126.8329,55.44,71,75,4.61
316,Maniitsoq,GL,2022-07-29 09:55:29,65.4167,-52.9,41.14,95,100,12.26
317,Minab,IR,2022-07-29 09:55:29,27.1467,57.0801,85.64,74,100,6.08
318,Araouane,ML,2022-07-29 09:56:30,18.9048,-3.5265,82.99,58,97,27.58
319,Tarko-Sale,RU,2022-07-29 09:56:30,64.9225,77.785,77.81,49,97,15.82
320,Ossora,RU,2022-07-29 09:56:31,59.2353,163.0719,51.69,81,63,8.16
321,Papetoai,PF,2022-07-29 09:56:31,-17.4961,-149.8729,74.79,67,0,24.18
322,Mabaruma,GY,2022-07-29 09:56:32,8.2,-59.7833,72.64,98,62,1.16
323,Murgab,TM,2022-07-29 09:56:32,37.4966,61.9714,100.27,22,0,9.22
324,Kita,ML,2022-07-29 09:56:32,13.0349,-9.4895,77.81,84,100,4.12
325,Tiarei,PF,2022-07-29 09:56:33,-17.5333,-149.3333,75.22,70,11,26.71
326,Atar,MR,2022-07-29 09:56:33,20.5169,-13.0499,86.94,49,38,12.21
327,The Valley,AI,2022-07-29 09:56:34,18.217,-63.0578,81.1,75,16,19.48
328,Rocha,UY,2022-07-29 09:56:34,-34.4833,-54.3333,47.39,87,100,15.9
329,Saryozek,KZ,2022-07-29 09:56:35,44.3583,77.9753,87.93,22,34,11.65
330,Vostok,RU,2022-07-29 09:56:35,46.4856,135.8833,74.03,86,98,3.65
331,Illapel,CL,2022-07-29 09:56:12,-31.6308,-71.1653,53.83,38,48,1.41
332,Maltahohe,NA,2022-07-29 09:56:36,-24.8333,16.9833,69.04,12,3,14.65
333,Vanavara,RU,2022-07-29 09:56:36,60.34,102.2797,69.78,73,100,3.96
334,Bure,ET,2022-07-29 09:56:37,10.7,37.0667,62.29,90,100,3.62
335,Yining,CN,2022-07-29 09:56:37,29.0361,114.5636,82.89,84,88,2.04
336,Ilebo,CD,2022-07-29 09:56:38,-4.3167,20.5833,97.2,25,40,2.8
337,Wuwei,CN,2022-07-29 09:56:38,37.9281,102.6414,91.56,16,8,8.48
338,Los Llanos De Aridane,ES,2022-07-29 09:56:39,28.6585,-17.9182,70.12,89,75,18.41
339,Show Low,US,2022-07-29 09:56:39,34.2542,-110.0298,62.89,93,100,3.44
340,Ilulissat,GL,2022-07-29 09:56:39,69.2167,-51.1,39.36,60,100,6.96
341,Sedam,IN,2022-07-29 09:53:30,17.1773,77.2824,91.27,49,42,2.93
342,Vallenar,CL,2022-07-29 09:56:40,-28.5708,-70.7581,56.26,54,97,0.47
343,Marzuq,YE,2022-07-29 09:56:41,14.4,46.4667,94.41,25,12,2.64
344,Qinzhou,CN,2022-07-29 09:56:41,21.95,108.6167,88.45,63,100,11.5
345,Menongue,AO,2022-07-29 09:56:41,-14.6585,17.691,80.96,14,93,3.38
346,Egvekinot,RU,2022-07-29 09:56:42,66.3167,-179.1667,41.07,92,87,1.79
347,Sao Filipe,CV,2022-07-29 09:56:42,14.8961,-24.4956,77.77,74,29,10.98
348,Husavik,IS,2022-07-29 09:56:43,66.0449,-17.3389,43.63,92,100,12.03
349,Virginia Beach,US,2022-07-29 09:56:43,36.8529,-75.978,80.02,91,36,1.01
350,Riyadh,SA,2022-07-29 09:51:44,24.6877,46.7219,102.34,11,79,11.77
351,Kisangani,CD,2022-07-29 09:56:44,0.5167,25.2,74.57,85,99,2.24
352,Spirit River,CA,2022-07-29 09:56:45,55.7833,-118.8361,66.63,90,8,5.99
353,Ochakiv,UA,2022-07-29 09:56:45,46.6128,31.5498,82.87,47,95,9.53
354,Goianesia,BR,2022-07-29 09:56:45,-15.3175,-49.1175,61.16,41,7,1.43
355,Geraldton,AU,2022-07-29 09:56:46,-28.7667,114.6,63.01,72,40,11.5
356,Dentsville,US,2022-07-29 09:53:16,34.064,-80.9582,78.82,91,22,6.31
357,Vila Franca Do Campo,PT,2022-07-29 09:56:47,37.7167,-25.4333,78.19,74,17,4.5
358,Plettenberg Bay,ZA,2022-07-29 09:56:47,-34.0527,23.3716,66.54,43,2,4.99
359,San Antonio,US,2022-07-29 09:56:47,29.4241,-98.4936,80.04,83,75,9.22
360,Mocuba,MZ,2022-07-29 09:56:48,-16.8392,36.9856,77.81,47,20,5.3
361,Shimoda,JP,2022-07-29 09:52:57,34.6667,138.95,82.11,89,3,7.87
362,Muroto,JP,2022-07-29 09:57:48,33.2833,134.15,82.06,81,89,18.84
363,Lazaro Cardenas,MX,2022-07-29 09:57:49,17.9583,-102.2,75.52,90,71,4.56
364,Camocim,BR,2022-07-29 09:57:49,-2.9022,-40.8411,76.1,86,67,10.85
365,Campbellsville,US,2022-07-29 09:57:50,37.3434,-85.3419,70.95,71,83,3.76
366,Dalbandin,PK,2022-07-29 09:57:50,28.8947,64.4101,93.13,43,100,11.74
367,Acapulco,MX,2022-07-29 09:57:50,16.8634,-99.8901,76.55,86,20,4.52
368,Eureka,US,2022-07-29 09:57:52,40.8021,-124.1637,60.67,90,93,1.77
369,Chiang Khong,TH,2022-07-29 09:57:52,20.2613,100.4046,93.27,51,100,4.05
370,Togur,RU,2022-07-29 09:57:53,58.3631,82.8265,71.13,61,70,9.51
371,Nzerekore,GN,2022-07-29 09:57:53,7.7562,-8.8179,71.29,78,99,4.03
372,Ruhengeri,RW,2022-07-29 09:57:53,-1.4998,29.635,70.11,56,79,3.04
373,Nizhneivkino,RU,2022-07-29 09:57:54,58.194,49.5214,77.25,44,15,8.41
374,Finschhafen,PG,2022-07-29 09:57:54,-6.6024,147.8681,79.81,79,69,5.19
375,Chulman,RU,2022-07-29 09:57:55,56.8479,124.9104,68.65,78,54,7.31
376,Fort Nelson,CA,2022-07-29 09:57:55,58.8053,-122.7002,58.59,100,100,4.61
377,New Albany,US,2022-07-29 09:57:56,38.2856,-85.8241,72.41,95,99,1.01
378,Muros,ES,2022-07-29 09:53:57,42.7762,-9.0603,71.1,78,71,7.31
379,Saldanha,ZA,2022-07-29 09:57:56,-33.0117,17.9442,55.45,72,96,13.4
380,Port Said,EG,2022-07-29 09:57:57,31.2565,32.2841,85.98,74,0,11.5
381,Altagracia De Orituco,VE,2022-07-29 09:57:57,9.8601,-66.3814,69.37,97,100,3.0
382,Poum,NC,2022-07-29 09:57:58,-20.2333,164.0167,72.61,75,96,7.52
383,Tramore,IE,2022-07-29 09:57:58,52.1624,-7.1524,65.62,80,75,5.75
384,Shabo,UA,2022-07-29 09:57:58,46.1326,30.386,82.45,49,80,13.29
385,Mahebourg,MU,2022-07-29 09:57:59,-20.4081,57.7,75.49,60,40,12.66
386,Roma,US,2022-07-29 09:53:44,43.2128,-75.4557,65.88,92,75,0.0
387,Paamiut,GL,2022-07-29 09:57:59,61.994,-49.6678,43.59,79,100,3.31
388,Nakhon Phanom,TH,2022-07-29 09:58:00,17.3333,104.4167,94.8,64,100,4.63
389,Hamilton,US,2022-07-29 09:56:02,39.1834,-84.5333,72.77,91,87,4.0
390,Zhigansk,RU,2022-07-29 09:58:00,66.7697,123.3711,82.29,39,11,3.15
391,Kota Kinabalu,MY,2022-07-29 09:58:01,5.9749,116.0724,85.87,79,20,1.99
392,Portland,US,2022-07-29 09:53:03,45.5234,-122.6762,75.99,79,0,1.7
393,Takoradi,GH,2022-07-29 09:53:24,4.8845,-1.7554,78.84,64,94,9.46
394,San Jose,US,2022-07-29 09:55:25,37.3394,-121.895,63.25,83,100,5.75
395,Utrecht,NL,2022-07-29 09:53:14,52.0,5.25,74.97,64,99,7.83
396,Mogos,PT,2022-07-29 09:58:02,38.877,-9.0946,76.55,62,0,14.97
397,Udachnyy,RU,2022-07-29 09:58:02,66.4167,112.4,88.45,30,82,9.33
398,Bajil,YE,2022-07-29 09:58:03,15.0584,43.2851,99.7,39,39,18.05
399,Springfield,US,2022-07-29 09:57:10,37.2153,-93.2982,73.11,88,70,5.01
400,Hasaki,JP,2022-07-29 09:58:04,35.7333,140.8333,86.4,85,18,16.2
401,Nyaunglebin,MM,2022-07-29 09:58:04,17.95,96.7333,90.91,64,100,4.88
402,San Marino,SM,2022-07-29 09:58:05,43.9333,12.4167,87.31,67,20,8.05
403,Aklavik,CA,2022-07-29 09:58:05,68.2191,-135.0107,39.22,95,100,3.36
404,Cherskiy,RU,2022-07-29 09:58:05,68.75,161.3,54.21,55,78,2.48
405,Changde,CN,2022-07-29 09:53:46,29.0464,111.6783,85.3,79,52,3.85
406,Mbandaka,CD,2022-07-29 09:58:06,0.0487,18.2603,82.08,58,77,4.47
407,Olafsvik,IS,2022-07-29 09:58:07,64.8945,-23.7142,46.4,77,72,14.03
408,Narayanavanam,IN,2022-07-29 09:58:07,13.4167,79.5833,92.98,43,100,4.25
409,Ribeira Grande,PT,2022-07-29 09:58:08,38.5167,-28.7,73.8,73,20,3.44
410,Avera,US,2022-07-29 09:59:08,33.194,-82.5271,76.55,87,72,6.87
411,Sorong,ID,2022-07-29 09:59:08,-0.8833,131.25,80.06,81,87,4.59
412,Ust-Omchug,RU,2022-07-29 09:59:09,61.15,149.6333,54.57,53,34,5.99
413,Emba,KZ,2022-07-29 09:59:09,48.8264,58.1442,83.71,33,23,8.39
414,Kimberley,ZA,2022-07-29 09:59:10,-28.7323,24.7623,64.09,39,0,17.27
415,Ahuimanu,US,2022-07-29 09:59:10,21.4447,-157.8378,76.75,80,100,1.01
416,Kalmar,SE,2022-07-29 09:59:10,56.6616,16.3616,72.14,72,0,9.22
417,Manokwari,ID,2022-07-29 09:59:11,-0.8667,134.0833,80.37,78,100,5.57
418,Faya,SA,2022-07-29 09:59:11,18.3851,42.4509,84.31,36,46,5.41
419,Asau,RO,2022-07-29 09:59:12,46.4333,26.4,78.96,80,64,4.72
420,Burnie,AU,2022-07-29 09:59:12,-41.0667,145.9167,42.94,74,14,6.71
421,Ketchikan,US,2022-07-29 09:59:12,55.3422,-131.6461,60.55,95,100,3.89
422,Leningradskiy,RU,2022-07-29 09:59:13,69.3833,178.4167,36.45,89,79,6.26
423,Shingu,JP,2022-07-29 09:59:13,33.7333,135.9833,79.3,87,33,3.53
424,Marsa Matruh,EG,2022-07-29 09:59:14,31.3525,27.2453,86.2,54,0,10.36
425,San Juan,AR,2022-07-29 09:57:30,-31.5375,-68.5364,48.78,52,27,4.41
426,Aloleng,PH,2022-07-29 09:59:14,16.1307,119.7824,84.27,74,48,4.59
427,Itarema,BR,2022-07-29 09:59:15,-2.9248,-39.9167,76.44,86,87,10.96
428,Porosozero,RU,2022-07-29 09:59:15,62.7191,32.727,65.05,80,44,7.34
429,Gasa,PS,2022-07-29 09:59:15,31.5,34.4667,96.87,50,5,12.93
430,Amarante,BR,2022-07-29 09:59:16,-6.2411,-42.8547,73.22,53,31,3.22
431,Abancay,PE,2022-07-29 09:59:16,-13.6339,-72.8814,52.54,86,48,1.36
432,Verkhnyaya Inta,RU,2022-07-29 09:59:16,65.9811,60.3094,81.52,37,19,11.23
433,Manta,EC,2022-07-29 09:59:17,-0.95,-80.7333,73.18,83,100,3.44
434,Andenes,NO,2022-07-29 09:59:17,69.3143,16.1194,57.92,72,75,11.5
435,Asyut,EG,2022-07-29 09:59:18,27.181,31.1837,98.78,11,2,13.62
436,Inverness,GB,2022-07-29 09:59:18,57.4791,-4.224,69.8,66,0,2.3
437,Forecariah,GN,2022-07-29 09:59:18,9.4306,-13.0881,74.79,89,100,2.24
438,Saint-Joseph,RE,2022-07-29 09:59:19,-21.3667,55.6167,75.58,74,31,11.54
439,Ust-Kuyga,RU,2022-07-29 09:59:19,70.0167,135.6,68.22,62,79,11.59
440,Tessalit,ML,2022-07-29 09:59:20,20.1986,1.0114,93.18,29,87,17.11
441,Bushehr,IR,2022-07-29 09:59:20,28.9684,50.8385,98.69,47,40,18.41
442,Suntar,RU,2022-07-29 09:59:20,62.1444,117.6319,71.51,87,99,5.84
443,Carauari,BR,2022-07-29 09:59:08,-4.8828,-66.8958,71.67,92,98,0.47
444,Lebanon,US,2022-07-29 09:56:17,36.2081,-86.2911,75.83,90,75,6.91
445,Sampit,ID,2022-07-29 09:59:21,-2.5333,112.95,77.11,96,89,3.69
446,Sijunjung,ID,2022-07-29 09:59:21,-0.6876,100.9537,77.76,83,100,3.49
447,Chumikan,RU,2022-07-29 09:59:22,54.7183,135.315,63.55,96,100,4.03
448,Salalah,OM,2022-07-29 09:59:22,17.0151,54.0924,79.88,75,87,10.8
449,Itoman,JP,2022-07-29 09:59:22,26.1247,127.6694,86.02,74,75,9.22
450,Ternate,ID,2022-07-29 09:59:23,0.8,127.4,80.55,80,100,4.09
451,Clarence Town,AU,2022-07-29 09:59:23,-32.5833,151.7833,58.86,76,17,2.44
452,Coffs Harbour,AU,2022-07-29 09:59:24,-30.3,153.1333,55.36,71,40,9.22
453,Camana,PE,2022-07-29 09:59:24,-16.6228,-72.7111,58.53,86,94,7.78
454,Aden,YE,2022-07-29 09:57:45,12.7794,45.0367,85.12,69,68,10.33
455,Malakal,SS,2022-07-29 09:59:25,9.5334,31.6605,78.93,76,99,3.33
456,Kibala,TD,2022-07-29 09:59:25,9.1104,18.3463,82.85,65,81,6.06
457,Nishihara,JP,2022-07-29 09:59:25,26.1842,127.7558,85.28,74,75,9.22
458,Zhicheng,CN,2022-07-29 10:00:26,30.2956,111.5047,89.01,65,8,1.79
459,San Quintin,MX,2022-07-29 10:00:26,30.4833,-115.95,66.09,88,99,4.61
460,Sergeyevka,KZ,2022-07-29 10:00:27,53.88,67.4158,61.25,94,100,13.27
461,Isangel,VU,2022-07-29 10:00:28,-19.55,169.2667,74.43,87,100,13.11
462,Paramonga,PE,2022-07-29 10:00:28,-10.6667,-77.8333,60.82,82,94,5.19
463,Shelburne,CA,2022-07-29 10:00:29,44.0787,-80.2041,55.6,95,3,7.27
464,Mbarara,UG,2022-07-29 10:00:29,-0.608,30.65,81.75,34,58,4.83
465,Salvador,SV,2022-07-29 09:56:55,13.8333,-88.9167,70.05,98,45,2.51
466,Matara,LK,2022-07-29 10:00:30,5.9485,80.5353,81.68,76,100,7.65
467,Gamboula,CF,2022-07-29 10:00:30,4.1178,15.1393,73.87,76,100,6.71
468,Abu Dhabi,AE,2022-07-29 10:00:31,24.4667,54.3667,95.61,56,8,5.3
469,Inverell,AU,2022-07-29 09:58:50,-29.7833,151.1167,47.16,73,86,1.99
470,Labuhan,ID,2022-07-29 10:00:32,-6.8844,112.2051,83.34,66,87,11.56
471,Tongliao,CN,2022-07-29 09:59:52,43.6125,122.2653,71.83,91,100,7.74
472,Dodoma,TZ,2022-07-29 10:00:16,-6.1722,35.7395,78.87,39,84,6.93
473,Sri Aman,MY,2022-07-29 10:00:32,1.2376,111.4621,80.8,88,34,3.53
474,Yeppoon,AU,2022-07-29 10:00:33,-23.1333,150.7333,60.58,74,24,0.58
475,Bubaque,GW,2022-07-29 10:00:34,11.2833,-15.8333,78.12,84,19,17.4
476,Amritsar,IN,2022-07-29 10:00:34,31.6331,74.8656,84.15,89,75,0.0
477,Rio Grande,BR,2022-07-29 10:00:35,-32.035,-52.0986,48.94,81,93,23.22
478,Challapata,BO,2022-07-29 10:00:35,-18.9,-66.7667,40.41,27,50,2.68
479,Larsnes,NO,2022-07-29 10:00:36,62.2028,5.5773,64.99,72,99,8.57
480,Canmore,CA,2022-07-29 10:00:23,51.0834,-115.3521,69.67,100,3,3.53
481,Altay,CN,2022-07-29 10:00:36,47.8667,88.1167,88.83,20,42,17.49
482,Pundaguitan,PH,2022-07-29 10:00:37,6.3711,126.1689,83.37,78,99,13.11
483,Fukue,JP,2022-07-29 10:00:37,32.6881,128.8419,84.97,76,22,9.44
484,Sobolevo,RU,2022-07-29 10:00:38,54.4299,31.8996,68.45,62,22,9.66
485,Det Udom,TH,2022-07-29 10:00:39,14.906,105.0784,89.62,60,85,2.57
486,Alta Floresta,BR,2022-07-29 09:59:57,-9.8756,-56.0861,62.38,56,30,2.04
487,Port Lincoln,AU,2022-07-29 10:00:39,-34.7333,135.8667,53.92,76,7,12.26
488,Natal,BR,2022-07-29 10:00:40,-5.795,-35.2094,72.25,100,40,5.75
489,Turkistan,KZ,2022-07-29 10:00:40,43.0,68.0,91.58,26,43,27.63
490,Puerto Leguizamo,CO,2022-07-29 10:00:41,-0.1934,-74.7819,66.6,99,45,1.43
491,Kimamba,TZ,2022-07-29 10:00:41,-6.7833,37.1333,83.59,42,84,5.19
492,Kaeo,NZ,2022-07-29 10:00:42,-35.1,173.7833,46.33,92,29,3.49
493,Alamogordo,US,2022-07-29 09:58:19,32.8995,-105.9603,73.96,67,0,4.61
494,Hobyo,SO,2022-07-29 10:00:42,5.3505,48.5268,82.76,65,37,26.51
495,Mount Isa,AU,2022-07-29 10:00:43,-20.7333,139.5,62.37,25,0,6.91
496,Morehead,US,2022-07-29 09:55:47,37.2711,-87.1764,73.99,97,100,0.0
497,Asfi,MA,2022-07-29 10:00:43,32.2994,-9.2372,75.6,70,11,14.81
498,Lokachi,UA,2022-07-29 10:00:44,50.737,24.6494,69.75,50,80,9.31
499,Maua,BR,2022-07-29 10:00:44,-23.6678,-46.4614,65.44,48,68,10.92
500,Imperia,IT,2022-07-29 10:00:45,43.9667,7.7833,79.95,64,28,7.0
501,Gari,RU,2022-07-29 10:00:45,59.4307,62.3497,76.55,39,87,8.08
502,Grand-Lahou,CI,2022-07-29 10:00:46,5.1367,-5.0242,78.17,65,98,8.75
503,Marathon,US,2022-07-29 10:00:08,44.9,-89.7668,58.24,92,0,6.91
504,Abha,SA,2022-07-29 10:01:46,18.2164,42.5053,76.57,43,40,8.59
505,Prince Rupert,CA,2022-07-29 10:00:16,54.3161,-130.3201,57.7,96,35,1.34
506,Kushima,JP,2022-07-29 10:01:47,31.4583,131.2333,81.23,93,94,19.82
507,Grand Gaube,MU,2022-07-29 10:01:47,-20.0064,57.6608,75.6,59,0,10.0
508,Svarstad,NO,2022-07-29 10:01:48,59.399,9.9698,75.49,46,15,1.01
509,Kahului,US,2022-07-29 10:01:48,20.8947,-156.47,76.84,85,83,5.99
510,Kichera,RU,2022-07-29 10:01:49,55.9375,110.0997,55.96,97,100,1.07
511,Opunake,NZ,2022-07-29 10:01:49,-39.4556,173.8583,54.12,81,23,15.88
512,Souillac,MU,2022-07-29 10:01:49,-20.5167,57.5167,75.58,60,40,12.66
513,Burlington,US,2022-07-29 09:57:19,39.8835,-74.6413,73.71,83,50,4.16
514,Massakory,TD,2022-07-29 10:01:50,12.996,15.7293,88.57,51,85,11.48
515,Ngunguru,NZ,2022-07-29 10:01:50,-35.6167,174.5,52.56,83,31,5.64
516,Caravelas,BR,2022-07-29 10:01:51,-17.7125,-39.2481,66.06,89,10,5.37
517,Karratha,AU,2022-07-29 10:01:51,-20.7377,116.8463,72.86,46,2,8.75
518,Deputatskiy,RU,2022-07-29 10:01:52,69.3,139.9,50.68,86,100,2.55
519,Asmara,ER,2022-07-29 10:00:25,15.3333,38.9333,68.65,57,95,2.39
520,Nara,JP,2022-07-29 09:57:18,34.6851,135.8049,88.5,47,74,0.81
521,Ballina,AU,2022-07-29 10:01:31,-28.8667,153.5667,58.01,77,42,12.71
522,Port Macquarie,AU,2022-07-29 10:01:53,-31.4333,152.9167,51.89,63,3,12.95
523,Kiunga,PG,2022-07-29 10:01:53,-6.1219,141.2906,74.48,99,99,3.6
524,Rincon,US,2022-07-29 10:01:53,32.296,-81.2354,80.85,89,0,5.75
525,Margate,GB,2022-07-29 10:01:54,51.3813,1.3862,72.3,68,37,1.01
526,Aksu,CN,2022-07-29 10:01:54,41.1231,80.2644,93.51,20,85,22.7
527,Moerai,PF,2022-07-29 10:01:55,-22.4333,-151.3333,73.26,83,86,26.64
528,Lima,PE,2022-07-29 09:57:44,-12.0432,-77.0282,57.9,87,100,3.44
529,Tomatlan,MX,2022-07-29 10:01:55,19.9333,-105.25,73.04,87,95,3.87
530,Mackay,AU,2022-07-29 10:01:17,-21.15,149.2,56.68,78,88,10.56
531,Breves,BR,2022-07-29 10:01:56,-1.6822,-50.4803,73.24,91,4,2.51
532,Yerbogachen,RU,2022-07-29 10:01:56,61.2767,108.0108,68.38,82,100,5.77
533,Sinegorye,RU,2022-07-29 10:01:57,62.0788,150.477,53.38,64,74,2.3
534,Severodvinsk,RU,2022-07-29 10:01:58,64.5635,39.8302,59.11,97,100,9.62
535,Ponta Delgada,PT,2022-07-29 10:01:58,37.7333,-25.6667,78.49,73,75,6.91
536,Balkanabat,TM,2022-07-29 10:01:58,39.5108,54.3671,96.15,29,0,9.1
537,Cotonou,BJ,2022-07-29 10:01:59,6.3654,2.4183,77.68,75,100,15.59
538,Porto Santo,PT,2022-07-29 10:01:59,33.072,-16.3415,71.98,78,75,10.36
539,Rudnya,RU,2022-07-29 10:02:00,54.947,31.0934,67.23,60,50,9.31
540,Ahipara,NZ,2022-07-29 10:02:00,-35.1667,173.1667,52.72,87,55,4.16
541,Lakes Entrance,AU,2022-07-29 10:02:00,-37.8811,147.981,40.15,75,3,6.69
542,Kuytun,RU,2022-07-29 10:02:01,54.3419,101.5036,71.94,52,100,0.96
543,Sistranda,NO,2022-07-29 10:02:01,63.7256,8.834,62.56,70,91,10.09
544,Mayo,US,2022-07-29 10:02:02,38.8876,-76.5119,75.11,93,71,5.7
545,Yuci,CN,2022-07-29 10:02:02,37.6803,112.7319,89.35,33,0,2.24
546,Tres Picos,MX,2022-07-29 10:02:02,15.8667,-93.5333,75.9,88,83,2.68
547,Roquetas De Mar,ES,2022-07-29 10:02:03,36.7642,-2.6148,86.61,48,8,5.68
548,Aragarcas,BR,2022-07-29 10:02:03,-15.8975,-52.2508,62.13,48,56,3.87
549,Mahibadhoo,MV,2022-07-29 10:02:04,3.7833,72.9667,81.79,77,100,15.12
550,Kuah,MY,2022-07-29 10:03:04,6.3265,99.8432,82.85,77,49,13.27
551,Hoskote,IN,2022-07-29 10:03:04,13.0669,77.7983,88.0,48,40,4.61
552,Koungou,YT,2022-07-29 10:03:05,-12.7336,45.2042,80.31,69,40,4.61
553,Kathmandu,NP,2022-07-29 10:00:02,27.7167,85.3167,75.88,79,88,3.13
554,Hurricane,US,2022-07-29 10:03:06,37.1753,-113.2899,77.59,52,84,2.68
555,Kant,IN,2022-07-29 10:03:06,27.8,79.8,94.05,49,88,3.42
556,Chumphon,TH,2022-07-29 10:03:07,10.3333,98.8333,79.59,80,70,7.16
557,Ko Samui,TH,2022-07-29 10:03:07,9.5357,99.9357,83.71,72,87,2.44
558,Zaysan,KZ,2022-07-29 10:03:08,47.4667,84.8667,88.77,23,90,5.61
559,Kieta,PG,2022-07-29 10:03:08,-6.2167,155.6333,77.85,86,77,2.57
560,Erzin,TR,2022-07-29 10:03:08,36.9559,36.2,93.45,41,0,8.63
561,Agirish,RU,2022-07-29 10:03:09,61.9247,63.0231,81.57,25,7,3.38
562,Shawnee,US,2022-07-29 10:03:09,39.05,-95.7669,66.65,91,20,3.44
563,Pangkalanbuun,ID,2022-07-29 10:03:10,-2.6833,111.6167,78.24,95,66,3.69
564,Benjamin Constant,BR,2022-07-29 10:03:10,-4.3831,-70.0311,71.01,96,60,1.61
565,Mazagao,BR,2022-07-29 10:03:10,-0.115,-51.2894,75.25,96,11,2.75
566,Keelung,TW,2022-07-29 09:59:02,25.1283,121.7419,91.29,77,88,9.48
567,Jian,CN,2022-07-29 10:03:11,27.1172,114.9793,76.73,88,100,13.09
568,Makokou,GA,2022-07-29 10:03:11,0.5738,12.8642,78.78,64,100,3.87
569,Lins,BR,2022-07-29 10:03:12,-21.6786,-49.7425,61.54,49,56,5.68
570,Oshkosh,US,2022-07-29 10:03:12,44.0247,-88.5426,58.89,87,0,3.44
571,Castlegar,CA,2022-07-29 10:00:29,49.2998,-117.6689,74.1,57,17,3.56
572,Lewistown,US,2022-07-29 10:03:13,40.5992,-77.5714,70.56,100,0,0.0
573,Warrnambool,AU,2022-07-29 10:03:14,-38.3833,142.4833,45.59,74,46,6.4
